業別,年度,上或下半年度,業務項目,缺失態樣,缺失情節,改善作法
外國銀行在臺分行,114,下半年,授信業務,辦理餘屋貸款之徵信審查欠嚴謹。,對建物完成年限已久，未詳加查證說明餘屋去化情形對債權之影響，亦未徵提銷售計畫，以評估銷售價格之合理性。,應依本會109年11月20日金管銀法字第1090273985號函規定徵提銷售計畫，分析其可行性，並瞭解當地相似建案銷售狀況，以評估擔保品是否可順利去化。
外國銀行在臺分行,114,下半年,衍生性金融商品,核予非屬專業機構投資人客戶之衍生性金融商品額度有欠妥適。,對非屬專業機構投資人核給衍生性金融商品避險交易額度，未洽客戶提供與其他金融機構之承作情形或透過聯徵中心查詢結果。,應依「銀行辦理衍生性金融商品業務內部作業制度及程序管理辦法」第20條第3項及第4項規定，考量客戶風險承擔能力、承擔意願及與其他金融機構交易額度後，覈實核給客戶交易額度。
外國銀行在臺分行,114,上半年,防制洗錢、打擊資恐及反武擴作業,辦理客戶持續審查作業有欠妥適。,辦理客戶定期審查作業，有客戶公司註冊地址與客戶主檔內容不符，惟未查證及未辦理資料更新者，或對高風險客戶之審查程序，未重新確認客戶身分及風險等級，且審查內容僅列部分身分確認要項。,應強化客戶基本資訊定期審查機制，以利客戶主檔內容正確性，另辦理高風險客戶審查作業，應依「金融機構防制洗錢辦法」第 5 條第 3 款規定，定期檢視其辨識客戶及實質受益人身分所取得之資訊是否足夠，並確保該等資訊之更新。
外國銀行在臺分行,114,上半年,內部管理,交易室門禁控管作業欠確實。,"有核給非分行所屬人員進出交易室之權限，且未於發現時確實查核錯誤情形並加強控管。
對非正式員工交易室門禁之申請表單，未覈實敘明作業所需時間並附佐證資料，而逕核給例假日全時段門禁權限者。",應強化交易室門禁控管機制，對非正式員工交易室門禁之申請表單，覈實控管作業所需時間並附佐證資料，以利作業風險控管。
外國銀行在臺分行,113,下半年,防制洗錢、打擊資恐及反武擴作業,辦理防制洗錢之風險評估及盡職調查待加強。,"辦理固有風險評估作業，對個別產品與服務、交易或支付管道項目，未依其性質訂定具體細部風險因素，以評估洗錢及資恐風險。
對高風險客戶辦理加強盡職調查(EDD)，未取得客戶之有效身分證明文件；或辦理辨識法人客戶身分作業，僅檢核通訊地址是否相同，致未發現法人公司登記地址亦有多個客戶登記於同一地址之情形。","應參酌「銀行評估洗錢及資恐風險及訂定相關防制計畫指引」第三點規定，對產品及服務、交易或支付管道的性質訂定細部風險因素。
應覈實辦理辨識客戶身分及審查作業，並依銀行公會「銀行防制洗錢及打擊資恐注意事項範本附錄疑似洗錢或資恐交易態樣」規定，對同一地址有大量客戶註冊者予以控管。"
外國銀行在臺分行,113,下半年,個人資料保護,客戶個人資料保護及控管機制有欠完整。,辦理個人資料保護評估及盤點作業，對個人資料流程識別清單所列業務或範圍有欠完整，致個資盤點有缺漏情形。,應依「本會指定非公務機關個人資料檔案安全維護辦法」第4條規定，依個人資料保護相關法令，定期查核確認所保有之個人資料現況，界定其納入本計畫及處理方法之範圍。
外國銀行在臺分行,113,下半年,授信業務,未審慎辦理鉅額信用貸款之徵審及貸後管理作業。,對以投資國內股票為借款目的之鉅額放款，未於核貸前瞭解借戶實際貸款目的及計畫投資標的，致有授信戶實際資金用於償還他行興建不動產貸款或匯入建設公司之情形。,應確實瞭解借戶資金用途及徵提佐證資料，落實查證借戶撥款資金流向及實際用途，並依本會107年8月31日金管銀法字第 10702733630  號令之規定計入銀行法第七十二條之二限額控管。
外國銀行在臺分行,113,下半年,衍生性金融商品業務,核予專業機構投資人及高淨值投資法人以外客戶之外匯衍生性金融商品避險交易額度作業有欠妥適。,對專業機構投資人及高淨值投資法人以外客戶核給或展延外匯衍生性金融商品避險交易額度，未詳實分析攸關客戶實際外匯暴險之財務或營運資訊暨估算客戶名目本金避險需求，導致核給額度有過高之虞。,應依本會106年6月20日金管銀外字第10600064741號令規定，依據客戶提供自身或所屬集團企業之財務報表或其他營運相關資訊，評估客戶合理之避險需求，並載明額度核給之評估方式，且留存相關紀錄。
外國銀行在臺分行,113,上半年,防制洗錢、打擊資恐及反武擴作業,辦理防制洗錢作業有欠妥適。,受理存戶申請網路銀行轉帳服務，尚未將「在短時 間內，多個客戶網銀交易透過同一電腦 IP 位址辦 理，且密集轉入相同受款帳號累積達特定金額」之 態樣列入所訂「疑似洗錢或資恐交易態樣」，並建立 檢核機制。 對檢調機關來函調查防制洗錢或偵辦案件之客戶， 有評估查無可疑交易仍維持既有客戶風險等級(中 或低風險)，惟未建立持續追蹤機制，不利強化控管 疑似洗錢或資恐交易。,應 依 本 會 112 年 7 月 12 日 金 管 銀 法 字 第 1120138562 號函同意備查之「疑似洗錢或資恐交 易態樣」，一、產品/服務-存提匯款類(十六)「在短 時間內，多個客戶網銀交易透過同一電腦 IP 位址 辦理，且密集轉入相同受款帳號累積達特定金 額。」之規定，適時增列態樣項目及檢核機制，並 檢討疑似洗錢交易檢核條件設定之妥適性。 對檢調機關調查防制洗錢或偵辦案件之客戶，應 建立持續追蹤機制，強化控管疑似洗錢或資恐交 易。
外國銀行在臺分行,113,上半年,授信業務,辦理徵審及貸後管理作業，有未落實銀行公會會員徵 信及授信準則。,辦理徵信作業，有未查詢借戶於財團法人金融聯 合徵信中心之票債信紀錄，以瞭解借戶及其主要 負責人之一般信譽。 辦理企業授信，有未評估同一關係(集團)企業資 產、負債與營運狀況，俾綜合評估其實際資金需 求。 尚未訂定覆審作業規範，於貸後查核資金實際用 途是否與申貸用途相符。 辦理大型專案融資案件貸後管理，尚未建置管理 報表，以定期彙整並追蹤各專案工程執行進度。,辦理企業授信，應依「中華民國銀行公會會員徵 信準則」第 22 條規定，確實辦理企業及其主要 負責人一般信譽(含票信及債信紀錄)調查，並依 「中華民國銀行公會會員授信準則」第 28、30 及 31 條規定，宜注意評估企業與其同一關係(集 團)企業暨相關自然人等資產、負債與營運狀況， 以瞭解同一關係(集團)企業整體之財務資訊，並 於授信案件貸放後辦理覆審追蹤工作，查核其 資金實際用途是否與申貸用途相符。 承作專案融資應依上開授信準則第 20 條之 1 第 5 款規定，落實貸後管理機制，包括訂定追蹤專 案計畫執行進度及強化落實覆審作業等。
外國銀行在臺分行,113,上半年,內部管理,受理客戶傳真交易服務有欠嚴謹。,辦理客戶傳真交易服務，經查客戶填寫之「電話傳 真交易授權書」未有單筆授權扣款限額，致對客戶 辦理傳真指示轉帳及匯款等交易，均未控管單筆交 易上限。,應依本會 113 年 3 月 7 日金管銀控字第 1130132144 號函規定，依存匯實務作業、風險胃納及內部控制 牽制要求等，自行訂定客戶傳真交易服務之內部作 業規範，滾動檢討並落實執行。
外國銀行在臺分行,112,下半年,防制洗錢、打擊資恐及反武擴作業,辦理防制洗錢交易之監控作業待加強。,所建置資訊系統用以輔助清查疑似洗錢交易態樣檢 核條件之設定有欠妥當，致對疑似洗錢交易未能有效 檢核。 客戶辦理存款或提領交易，係透過傳真指示等與存戶 接洽代理轉帳及匯款交易，惟對客戶短期內存款帳戶 款項迅速移轉有未予瞭解並加以註記。,應強化資訊系統檢核條件，確實篩選觸及疑似洗錢 監控態樣交易。 對客戶短期內帳戶款項迅速移轉應進行瞭解，並督 導詳實填載查證內容，以提升洗錢防制作業執行之 有效性。
外國銀行在臺分行,112,上半年,授信業務,貸後管理未確實。,未追蹤徵信報告所提後續涉及財業務之重大議題，並 評估其影響。 對借戶大股東頻繁釋股，未分析釋股行為對借戶營運 暨財務之影響。,應落實貸後管理，對於撥貸後可能對借戶財業務有 重大影響之事件，確實分析並揭露。
外國銀行在臺分行,112,上半年,境外結構型商品業務,辦理境外結構型商品總代理業務，編製之說明書未完 備及未依規申報代理內容。,所編製之商品說明書，未敘明商品風險等級所代表 之意義、未確實列示投資人應負擔的各項費用及金 額或計算基準。 未於每一營業日將其前一營業日代理之境外結構型 商品名稱、經交易確認之申購或贖回之總金額等資 訊依規向本會指定機構申報。,應依「境外結構型商品中文產品說明書應行記載 事項」各項規定，編製總代理之境外結構型商品之 商品說明書。 應依「境外結構型商品管理規則」第 10 條規定， 向本會指定機構(臺灣集中保管結算所)申報相關 內容。
外國銀行在臺分行,111,下半年,授信業務,辦理專案融資之風險控管欠佳。,承作風力發電等專案融資授信總額已偏高，且借戶屬 新設立或尚未營運公司，尚未訂定強化風險控管之相 關具體措施。 辦理專案融資貸後追蹤有待加強，如貸後覆審作業， 對借戶遭遇重大營運事件，未說明前次覆審迄今事件 發展情形，是否已影響債權安全，或尚未建置管理報 表，不利分行對該類複雜授信案風險之控管。,應依本會 106.11.21 金管銀外字第 10600234430 號 函釋規定，承作再生能源發電設備者授信案件應落實 風險控管，且因屬專案融資，其工程建設、營運方式， 至天然環境變化等風險變數甚多，授信風險較高，應 更加強風險控管。 應強化貸後管理，建置管理報表，定期彙整並控管各 專案工程執行進度，完整分析借戶所遭遇重大營運事 件及研議債權保全措施。
外國銀行在臺分行,111,下半年,授信業務,辦理授信貸後管理欠落實。,對以長期投資為主而未有營業收入之借戶，或對於 以投資為借款目的者，有核予高額短期放款，惟貸放 後未查證借戶資金實際用途是否與申貸用途相符。,應依「中華民國銀行公會會員授信準則」第 31 條規 定，授信覆審追蹤工作，應查核其資金實際用途是 否與申貸用途相符。
外國銀行在臺分行,111,下半年,內部管理,辦理交易室之門禁管理作業欠確實。,交易室之門禁刷卡機未設置離開交易室之刷出功 能，致未有刷出紀錄；對非交易室人員進出交易室 者，有未衡酌實際需要核給門禁卡使用期間。 交易員離開交易室未能確實關閉交易室大門，如多 個營業日，每日進出交易室均僅有一次刷卡感應紀 錄，交易員自上午進入交易室後整日未再進出交易 室，有欠合理，且未落實執行交易室之門禁管理。,應要求交易人員確實做好交易室進出管理及登錄， 且應使用本人門禁卡進出交易室。
外國銀行在臺分行,111,上半年,防制洗錢、打擊資恐及反武擴作業,未落實對法人客戶實質受益人之辨識作業。,辦理法人客戶之定期審查作業，僅依客戶前所提供之變 更登記表及股東名簿等文件，而未徵提佐證資料以確認 客戶最大法人股東之實質受益人，且以客戶名稱進行網 路資料搜尋，對於過去所取得客戶身分資料之真實性有 懷疑時，未請客戶提供其他佐證文件進行辨識。,應依「金融機構防制洗錢辦法」第 3 條第 4 款規定， 確認客戶身分應辨識客戶實質受益人，以合理措施驗 證其身分，包括使用可靠來源之資料或資訊。
外國銀行在臺分行,111,上半年,衍生性金融商品業務,辦理客戶申請為專業投資人作業，認定標準有欠嚴謹。,對專業投資人金融商品交易經驗係以客戶最近一年 內投資證券商品、結構型商品、雙元貨幣商品及衍 生性金融商品中，任一項商品合計達三筆為認定標 準，致有以三筆較不具複雜性之基金交易紀錄，採 認為專業投資人應具備之金融商品交易經驗之情 形，認定標準核欠妥適。,銀行對專業投資人應具備之金融商品交易經驗應 訂定妥適之認定標準，並盡合理調查之責任，向客 戶取得合理可信之佐證依據。
外國銀行在臺分行,110,下半年,防制洗錢、打擊資恐及反武擴作業,對疑似洗錢及資恐交易態樣，未明確定義監控參數並予 書面化。,辦理帳戶或交易之持續監控作業，對疑似洗錢或資恐 交易態樣之監控，未就「筆數達一定數量」、「相距時間」 等訂定具體時間或數目之監控參數並書面化。 銀行公會所發布「同一客戶在一定期間內，於其帳戶辦 理多筆現金存、提款交易，分別累計達特定金額以上 者」及「同一客戶在一定期間內以每筆略低於一定金額 通貨交易申報門檻之現金辦理存、提款，分別累計達特 定金額以上者」等疑似洗錢或資恐交易態樣，應以「客 戶別」監控，惟分行系統設定均係以「帳戶別」監控， 不利可疑交易態樣監控作業之遵循。,金融機構之帳戶或交易監控政策及程序，應建置妥適 之交易監控參數及規則，並應依「金融機構防制洗錢 辦法」第 9 條第 4 款將其書面化，以利可疑交易監控 之研判及確實辦理可疑交易檢核作業。
